<?xml version="1.0" encoding="UTF-8"?>
<metadata xml:lang="zh"><Esri><CreaDate>20241204</CreaDate><CreaTime>16004500</CreaTime><ArcGISFormat>1.0</ArcGISFormat><SyncOnce>TRUE</SyncOnce><DataProperties><lineage><Process ToolSource="e:\arcgis\10.8\desktop10.8\ArcToolbox\Toolboxes\Data Management Tools.tbx\CalculateField" Date="20241024" Time="182141">CalculateField 1000米渔网 英文等 [风险等] VB #</Process><Process ToolSource="e:\arcgis\10.8\desktop10.8\ArcToolbox\Toolboxes\Data Management Tools.tbx\CalculateField" Date="20241024" Time="182158">CalculateField 1000米渔网 英文等 [风险等] VB #</Process></lineage></DataProperties></Esri></metadata>
