<?xml version="1.0" encoding="UTF-8"?>
<metadata xml:lang="zh"><Esri><CreaDate>20241206</CreaDate><CreaTime>15014300</CreaTime><ArcGISFormat>1.0</ArcGISFormat><SyncOnce>FALSE</SyncOnce><DataProperties><itemProps><itemName Sync="TRUE">行政区划_Merge5</itemName><imsContentType Sync="TRUE">002</imsContentType><itemSize Sync="TRUE">0.000</itemSize><itemLocation><linkage Sync="TRUE">file://\\BO\C$\Users\22921\Documents\ArcGIS\Default.gdb</linkage><protocol Sync="TRUE">Local Area Network</protocol></itemLocation></itemProps><coordRef><type Sync="TRUE">Geographic</type><geogcsn Sync="TRUE">GCS_WGS_1984</geogcsn><csUnits Sync="TRUE">Angular Unit: Degree (0.017453)</csUnits><peXml Sync="TRUE">&lt;GeographicCoordinateSystem xsi:type='typens:GeographicCoordinateSystem' xmlns:xsi='http://www.w3.org/2001/XMLSchema-instance' xmlns:xs='http://www.w3.org/2001/XMLSchema' xmlns:typens='http://www.esri.com/schemas/ArcGIS/10.7'&gt;&lt;WKT&gt;GEOGCS[&amp;quot;GCS_WGS_1984&amp;quot;,DATUM[&amp;quot;D_WGS_1984&amp;quot;,SPHEROID[&amp;quot;WGS_1984&amp;quot;,6378137.0,298.257223563]],PRIMEM[&amp;quot;Greenwich&amp;quot;,0.0],UNIT[&amp;quot;Degree&amp;quot;,0.0174532925199433],AUTHORITY[&amp;quot;EPSG&amp;quot;,4326]]&lt;/WKT&gt;&lt;XOrigin&gt;-400&lt;/XOrigin&gt;&lt;YOrigin&gt;-400&lt;/YOrigin&gt;&lt;XYScale&gt;1111948722.2222221&lt;/XYScale&gt;&lt;ZOrigin&gt;-100000&lt;/ZOrigin&gt;&lt;ZScale&gt;10000&lt;/ZScale&gt;&lt;MOrigin&gt;-100000&lt;/MOrigin&gt;&lt;MScale&gt;10000&lt;/MScale&gt;&lt;XYTolerance&gt;8.983152841195215e-09&lt;/XYTolerance&gt;&lt;ZTolerance&gt;0.001&lt;/ZTolerance&gt;&lt;MTolerance&gt;0.001&lt;/MTolerance&gt;&lt;HighPrecision&gt;true&lt;/HighPrecision&gt;&lt;LeftLongitude&gt;-180&lt;/LeftLongitude&gt;&lt;WKID&gt;4326&lt;/WKID&gt;&lt;LatestWKID&gt;4326&lt;/LatestWKID&gt;&lt;/GeographicCoordinateSystem&gt;</peXml></coordRef><lineage><Process ToolSource="c:\软件\arcgis10.8\desktop10.8\ArcToolbox\Toolboxes\Data Management Tools.tbx\Merge" Date="20210906" Time="110123">Merge 重庆市_乡镇边界;浙江省_乡镇边界;云南省_乡镇边界;新疆维吾尔自治区_乡镇边界;香港特别行政区_乡镇边界;西藏自治区_乡镇边界;天津市_乡镇边界;台湾省_乡镇边界;四川省_乡镇边界;上海市_乡镇边界;陕西省_乡镇边界;山西省_乡镇边界;山东省_乡镇边界;青海省_乡镇边界;宁夏回族自治区_乡镇边界;内蒙古自治区_乡镇边界;辽宁省_乡镇边界;江西省_乡镇边界;江苏省_乡镇边界;吉林省_乡镇边界;湖南省_乡镇边界;湖北省_乡镇边界;黑龙江省_乡镇边界;河南省_乡镇边界;河北省_乡镇边界;海南省_乡镇边界;贵州省_乡镇边界;广西壮族自治区_乡镇边界;广东省_乡镇边界;甘肃省_乡镇边界;福建省_乡镇边界;北京市_乡镇边界;澳门特别行政区_乡镇边界;安徽省_乡镇边界 C:\SGDownload\全国乡镇级行政区划合集\乡镇级行政区划合集.shp "gml_id "gml_id" true true false 80 Text 0 0 ,First,#,重庆市_乡镇边界,gml_id,-1,-1,浙江省_乡镇边界,gml_id,-1,-1,云南省_乡镇边界,gml_id,-1,-1,新疆维吾尔自治区_乡镇边界,gml_id,-1,-1,香港特别行政区_乡镇边界,gml_id,-1,-1,西藏自治区_乡镇边界,gml_id,-1,-1,天津市_乡镇边界,gml_id,-1,-1,台湾省_乡镇边界,gml_id,-1,-1,四川省_乡镇边界,gml_id,-1,-1,上海市_乡镇边界,gml_id,-1,-1,陕西省_乡镇边界,gml_id,-1,-1,山西省_乡镇边界,gml_id,-1,-1,山东省_乡镇边界,gml_id,-1,-1,青海省_乡镇边界,gml_id,-1,-1,宁夏回族自治区_乡镇边界,gml_id,-1,-1,内蒙古自治区_乡镇边界,gml_id,-1,-1,辽宁省_乡镇边界,gml_id,-1,-1,江西省_乡镇边界,gml_id,-1,-1,江苏省_乡镇边界,gml_id,-1,-1,吉林省_乡镇边界,gml_id,-1,-1,湖南省_乡镇边界,gml_id,-1,-1,湖北省_乡镇边界,gml_id,-1,-1,黑龙江省_乡镇边界,gml_id,-1,-1,河南省_乡镇边界,gml_id,-1,-1,河北省_乡镇边界,gml_id,-1,-1,海南省_乡镇边界,gml_id,-1,-1,贵州省_乡镇边界,gml_id,-1,-1,广西壮族自治区_乡镇边界,gml_id,-1,-1,广东省_乡镇边界,gml_id,-1,-1,甘肃省_乡镇边界,gml_id,-1,-1,福建省_乡镇边界,gml_id,-1,-1,北京市_乡镇边界,gml_id,-1,-1,澳门特别行政区_乡镇边界,gml_id,-1,-1,安徽省_乡镇边界,gml_id,-1,-1;Name "Name" true true false 80 Text 0 0 ,First,#,重庆市_乡镇边界,Name,-1,-1,浙江省_乡镇边界,Name,-1,-1,云南省_乡镇边界,Name,-1,-1,新疆维吾尔自治区_乡镇边界,Name,-1,-1,香港特别行政区_乡镇边界,Name,-1,-1,西藏自治区_乡镇边界,Name,-1,-1,天津市_乡镇边界,Name,-1,-1,台湾省_乡镇边界,Name,-1,-1,四川省_乡镇边界,Name,-1,-1,上海市_乡镇边界,Name,-1,-1,陕西省_乡镇边界,Name,-1,-1,山西省_乡镇边界,Name,-1,-1,山东省_乡镇边界,Name,-1,-1,青海省_乡镇边界,Name,-1,-1,宁夏回族自治区_乡镇边界,Name,-1,-1,内蒙古自治区_乡镇边界,Name,-1,-1,辽宁省_乡镇边界,Name,-1,-1,江西省_乡镇边界,Name,-1,-1,江苏省_乡镇边界,Name,-1,-1,吉林省_乡镇边界,Name,-1,-1,湖南省_乡镇边界,Name,-1,-1,湖北省_乡镇边界,Name,-1,-1,黑龙江省_乡镇边界,Name,-1,-1,河南省_乡镇边界,Name,-1,-1,河北省_乡镇边界,Name,-1,-1,海南省_乡镇边界,Name,-1,-1,贵州省_乡镇边界,Name,-1,-1,广西壮族自治区_乡镇边界,Name,-1,-1,广东省_乡镇边界,Name,-1,-1,甘肃省_乡镇边界,Name,-1,-1,福建省_乡镇边界,Name,-1,-1,北京市_乡镇边界,Name,-1,-1,澳门特别行政区_乡镇边界,Name,-1,-1,安徽省_乡镇边界,Name,-1,-1;layer "layer" true true false 80 Text 0 0 ,First,#,重庆市_乡镇边界,layer,-1,-1,浙江省_乡镇边界,layer,-1,-1,云南省_乡镇边界,layer,-1,-1,新疆维吾尔自治区_乡镇边界,layer,-1,-1,香港特别行政区_乡镇边界,layer,-1,-1,西藏自治区_乡镇边界,layer,-1,-1,天津市_乡镇边界,layer,-1,-1,台湾省_乡镇边界,layer,-1,-1,四川省_乡镇边界,layer,-1,-1,上海市_乡镇边界,layer,-1,-1,陕西省_乡镇边界,layer,-1,-1,山西省_乡镇边界,layer,-1,-1,山东省_乡镇边界,layer,-1,-1,青海省_乡镇边界,layer,-1,-1,宁夏回族自治区_乡镇边界,layer,-1,-1,内蒙古自治区_乡镇边界,layer,-1,-1,辽宁省_乡镇边界,layer,-1,-1,江西省_乡镇边界,layer,-1,-1,江苏省_乡镇边界,layer,-1,-1,吉林省_乡镇边界,layer,-1,-1,湖南省_乡镇边界,layer,-1,-1,湖北省_乡镇边界,layer,-1,-1,黑龙江省_乡镇边界,layer,-1,-1,河南省_乡镇边界,layer,-1,-1,河北省_乡镇边界,layer,-1,-1,海南省_乡镇边界,layer,-1,-1,贵州省_乡镇边界,layer,-1,-1,广西壮族自治区_乡镇边界,layer,-1,-1,广东省_乡镇边界,layer,-1,-1,甘肃省_乡镇边界,layer,-1,-1,福建省_乡镇边界,layer,-1,-1,北京市_乡镇边界,layer,-1,-1,澳门特别行政区_乡镇边界,layer,-1,-1,安徽省_乡镇边界,layer,-1,-1;code "code" true true false 80 Text 0 0 ,First,#,重庆市_乡镇边界,code,-1,-1,浙江省_乡镇边界,code,-1,-1,云南省_乡镇边界,code,-1,-1,新疆维吾尔自治区_乡镇边界,code,-1,-1,香港特别行政区_乡镇边界,code,-1,-1,西藏自治区_乡镇边界,code,-1,-1,天津市_乡镇边界,code,-1,-1,台湾省_乡镇边界,code,-1,-1,四川省_乡镇边界,code,-1,-1,上海市_乡镇边界,code,-1,-1,陕西省_乡镇边界,code,-1,-1,山西省_乡镇边界,code,-1,-1,山东省_乡镇边界,code,-1,-1,青海省_乡镇边界,code,-1,-1,宁夏回族自治区_乡镇边界,code,-1,-1,内蒙古自治区_乡镇边界,code,-1,-1,辽宁省_乡镇边界,code,-1,-1,江西省_乡镇边界,code,-1,-1,江苏省_乡镇边界,code,-1,-1,吉林省_乡镇边界,code,-1,-1,湖南省_乡镇边界,code,-1,-1,湖北省_乡镇边界,code,-1,-1,黑龙江省_乡镇边界,code,-1,-1,河南省_乡镇边界,code,-1,-1,河北省_乡镇边界,code,-1,-1,海南省_乡镇边界,code,-1,-1,贵州省_乡镇边界,code,-1,-1,广西壮族自治区_乡镇边界,code,-1,-1,广东省_乡镇边界,code,-1,-1,甘肃省_乡镇边界,code,-1,-1,福建省_乡镇边界,code,-1,-1,北京市_乡镇边界,code,-1,-1,澳门特别行政区_乡镇边界,code,-1,-1,安徽省_乡镇边界,code,-1,-1;grade "grade" true true false 9 Long 0 9 ,First,#,重庆市_乡镇边界,grade,-1,-1,浙江省_乡镇边界,grade,-1,-1,云南省_乡镇边界,grade,-1,-1,新疆维吾尔自治区_乡镇边界,grade,-1,-1,香港特别行政区_乡镇边界,grade,-1,-1,西藏自治区_乡镇边界,grade,-1,-1,天津市_乡镇边界,grade,-1,-1,台湾省_乡镇边界,grade,-1,-1,四川省_乡镇边界,grade,-1,-1,上海市_乡镇边界,grade,-1,-1,陕西省_乡镇边界,grade,-1,-1,山西省_乡镇边界,grade,-1,-1,山东省_乡镇边界,grade,-1,-1,青海省_乡镇边界,grade,-1,-1,宁夏回族自治区_乡镇边界,grade,-1,-1,内蒙古自治区_乡镇边界,grade,-1,-1,辽宁省_乡镇边界,grade,-1,-1,江西省_乡镇边界,grade,-1,-1,江苏省_乡镇边界,grade,-1,-1,吉林省_乡镇边界,grade,-1,-1,湖南省_乡镇边界,grade,-1,-1,湖北省_乡镇边界,grade,-1,-1,黑龙江省_乡镇边界,grade,-1,-1,河南省_乡镇边界,grade,-1,-1,河北省_乡镇边界,grade,-1,-1,海南省_乡镇边界,grade,-1,-1,贵州省_乡镇边界,grade,-1,-1,广西壮族自治区_乡镇边界,grade,-1,-1,广东省_乡镇边界,grade,-1,-1,甘肃省_乡镇边界,grade,-1,-1,福建省_乡镇边界,grade,-1,-1,北京市_乡镇边界,grade,-1,-1,澳门特别行政区_乡镇边界,grade,-1,-1,安徽省_乡镇边界,grade,-1,-1"</Process><Process ToolSource="e:\arcgis\10.8\desktop10.8\ArcToolbox\Toolboxes\Analysis Tools.tbx\Clip" Date="20240710" Time="182652">Clip 乡镇级行政区划合集 各街道老年人数 C:\Users\hp\Desktop\养老\shp数据\主城区街道裁剪.shp #</Process><Process ToolSource="e:\arcgis\10.8\desktop10.8\ArcToolbox\Toolboxes\Data Management Tools.tbx\CalculateField" Date="20240710" Time="211636">CalculateField 主城区街道裁剪 老年比 "[老年数] / [人口数]" VB #</Process><Process ToolSource="e:\下载\arcgis\desktop10.8\ArcToolbox\Toolboxes\Data Management Tools.tbx\Merge" Date="20241206" Time="150036">Merge 行政区划 C:\Users\22921\Documents\ArcGIS\Default.gdb\行政区划_Merge5 "gml_id "gml_id" true true false 80 Text 0 0 ,First,#,行政区划,gml_id,-1,-1;Name "Name" true true false 80 Text 0 0 ,First,#,行政区划,Name,-1,-1;layer "layer" true true false 80 Text 0 0 ,First,#,行政区划,layer,-1,-1;code "code" true true false 80 Text 0 0 ,First,#,行政区划,code,-1,-1;grade "grade" true true false 9 Long 0 9 ,First,#,行政区划,grade,-1,-1;district "district" true true false 50 Text 0 0 ,First,#,行政区划,区,-1,-1;population "population" true true false 19 Double 0 0 ,First,#,行政区划,人口数,-1,-1;Number_of_elderly_population "Number_of_elderly_population" true true false 19 Double 0 0 ,First,#,行政区划,老年数,-1,-1;Ratio_of_elderly_population_to_elderly_population "Ratio_of_elderly_population_to_elderly_population" true true false 19 Double 0 0 ,First,#,行政区划,老年比,-1,-1"</Process></lineage></DataProperties><SyncDate>20241206</SyncDate><SyncTime>15003600</SyncTime><ModDate>20241206</ModDate><ModTime>15003600</ModTime></Esri><dataIdInfo><envirDesc Sync="TRUE"> Version 6.2 (Build 9200) ; Esri ArcGIS 10.8.0.12790</envirDesc><dataLang><languageCode value="zho" Sync="TRUE"></languageCode><countryCode value="CHN" Sync="TRUE"></countryCode></dataLang><idCitation><resTitle Sync="TRUE">行政区划_Merge5</resTitle><presForm><PresFormCd value="005" Sync="TRUE"></PresFormCd></presForm></idCitation><spatRpType><SpatRepTypCd value="001" Sync="TRUE"></SpatRepTypCd></spatRpType></dataIdInfo><mdLang><languageCode value="zho" Sync="TRUE"></languageCode><countryCode value="CHN" Sync="TRUE"></countryCode></mdLang><mdChar><CharSetCd value="004" Sync="TRUE"></CharSetCd></mdChar><distInfo><distFormat><formatName Sync="TRUE">文件地理数据库要素类</formatName></distFormat><distTranOps><transSize Sync="TRUE">0.000</transSize></distTranOps></distInfo><mdHrLv><ScopeCd value="005" Sync="TRUE"></ScopeCd></mdHrLv><mdHrLvName Sync="TRUE">dataset</mdHrLvName><refSysInfo><RefSystem><refSysID><identCode code="4326" Sync="TRUE"></identCode><idCodeSpace Sync="TRUE">EPSG</idCodeSpace><idVersion Sync="TRUE">6.14(3.0.1)</idVersion></refSysID></RefSystem></refSysInfo><spatRepInfo><VectSpatRep><geometObjs Name="行政区划_Merge5"><geoObjTyp><GeoObjTypCd value="002" Sync="TRUE"></GeoObjTypCd></geoObjTyp><geoObjCnt Sync="TRUE">0</geoObjCnt></geometObjs><topLvl><TopoLevCd value="001" Sync="TRUE"></TopoLevCd></topLvl></VectSpatRep></spatRepInfo><spdoinfo><ptvctinf><esriterm Name="行政区划_Merge5"><efeatyp Sync="TRUE">Simple</efeatyp><efeageom code="4" Sync="TRUE"></efeageom><esritopo Sync="TRUE">FALSE</esritopo><efeacnt Sync="TRUE">0</efeacnt><spindex Sync="TRUE">TRUE</spindex><linrefer Sync="TRUE">FALSE</linrefer></esriterm></ptvctinf></spdoinfo><eainfo><detailed Name="行政区划_Merge5"><enttyp><enttypl Sync="TRUE">行政区划_Merge5</enttypl><enttypt Sync="TRUE">Feature Class</enttypt><enttypc Sync="TRUE">0</enttypc></enttyp><attr><attrlabl Sync="TRUE">OBJECTID</attrlabl><attalias Sync="TRUE">OBJECTID</attalias><attrtype Sync="TRUE">OID</attrtype><attwidth Sync="TRUE">4</attwidth><atprecis Sync="TRUE">0</atprecis><attscale Sync="TRUE">0</attscale><attrdef Sync="TRUE">Internal feature number.</attrdef><attrdefs Sync="TRUE">Esri</attrdefs><attrdomv><udom Sync="TRUE">Sequential unique whole numbers that are automatically generated.</udom></attrdomv></attr><attr><attrlabl Sync="TRUE">Shape</attrlabl><attalias Sync="TRUE">Shape</attalias><attrtype Sync="TRUE">Geometry</attrtype><attwidth Sync="TRUE">0</attwidth><atprecis Sync="TRUE">0</atprecis><attscale Sync="TRUE">0</attscale><attrdef Sync="TRUE">Feature geometry.</attrdef><attrdefs Sync="TRUE">Esri</attrdefs><attrdomv><udom Sync="TRUE">Coordinates defining the features.</udom></attrdomv></attr><attr><attrlabl Sync="TRUE">gml_id</attrlabl><attalias Sync="TRUE">gml_id</attalias><attrtype Sync="TRUE">String</attrtype><attwidth Sync="TRUE">80</attwidth><atprecis Sync="TRUE">0</atprecis><attscale Sync="TRUE">0</attscale></attr><attr><attrlabl Sync="TRUE">Name</attrlabl><attalias Sync="TRUE">Name</attalias><attrtype Sync="TRUE">String</attrtype><attwidth Sync="TRUE">80</attwidth><atprecis Sync="TRUE">0</atprecis><attscale Sync="TRUE">0</attscale></attr><attr><attrlabl Sync="TRUE">layer</attrlabl><attalias Sync="TRUE">layer</attalias><attrtype Sync="TRUE">String</attrtype><attwidth Sync="TRUE">80</attwidth><atprecis Sync="TRUE">0</atprecis><attscale Sync="TRUE">0</attscale></attr><attr><attrlabl Sync="TRUE">code</attrlabl><attalias Sync="TRUE">code</attalias><attrtype Sync="TRUE">String</attrtype><attwidth Sync="TRUE">80</attwidth><atprecis Sync="TRUE">0</atprecis><attscale Sync="TRUE">0</attscale></attr><attr><attrlabl Sync="TRUE">grade</attrlabl><attalias Sync="TRUE">grade</attalias><attrtype Sync="TRUE">Integer</attrtype><attwidth Sync="TRUE">4</attwidth><atprecis Sync="TRUE">0</atprecis><attscale Sync="TRUE">0</attscale></attr><attr><attrlabl Sync="TRUE">district</attrlabl><attalias Sync="TRUE">district</attalias><attrtype Sync="TRUE">String</attrtype><attwidth Sync="TRUE">50</attwidth><atprecis Sync="TRUE">0</atprecis><attscale Sync="TRUE">0</attscale></attr><attr><attrlabl Sync="TRUE">population</attrlabl><attalias Sync="TRUE">population</attalias><attrtype Sync="TRUE">Double</attrtype><attwidth Sync="TRUE">8</attwidth><atprecis Sync="TRUE">0</atprecis><attscale Sync="TRUE">0</attscale></attr><attr><attrlabl Sync="TRUE">Number_of_elderly_population</attrlabl><attalias Sync="TRUE">Number_of_elderly_population</attalias><attrtype Sync="TRUE">Double</attrtype><attwidth Sync="TRUE">8</attwidth><atprecis Sync="TRUE">0</atprecis><attscale Sync="TRUE">0</attscale></attr><attr><attrlabl Sync="TRUE">Ratio_of_elderly_population_to_elderly_population</attrlabl><attalias Sync="TRUE">Ratio_of_elderly_population_to_elderly_population</attalias><attrtype Sync="TRUE">Double</attrtype><attwidth Sync="TRUE">8</attwidth><atprecis Sync="TRUE">0</atprecis><attscale Sync="TRUE">0</attscale></attr><attr><attrlabl Sync="TRUE">Shape_Length</attrlabl><attalias Sync="TRUE">Shape_Length</attalias><attrtype Sync="TRUE">Double</attrtype><attwidth Sync="TRUE">8</attwidth><atprecis Sync="TRUE">0</atprecis><attscale Sync="TRUE">0</attscale><attrdef Sync="TRUE">Length of feature in internal units.</attrdef><attrdefs Sync="TRUE">Esri</attrdefs><attrdomv><udom Sync="TRUE">Positive real numbers that are automatically generated.</udom></attrdomv></attr><attr><attrlabl Sync="TRUE">Shape_Area</attrlabl><attalias Sync="TRUE">Shape_Area</attalias><attrtype Sync="TRUE">Double</attrtype><attwidth Sync="TRUE">8</attwidth><atprecis Sync="TRUE">0</atprecis><attscale Sync="TRUE">0</attscale><attrdef Sync="TRUE">Area of feature in internal units squared.</attrdef><attrdefs Sync="TRUE">Esri</attrdefs><attrdomv><udom Sync="TRUE">Positive real numbers that are automatically generated.</udom></attrdomv></attr></detailed></eainfo><mdDateSt Sync="TRUE">20241206</mdDateSt></metadata>
